CREATE TABLE IF NOT EXISTS PATIENTS
(
    ID           BIGINT GENERATED BY DEFAULT AS IDENTITY (START WITH 1 INCREMENT BY 1) PRIMARY KEY,
    NAME         VARCHAR(50) NOT NULL,
    SURNAME      VARCHAR(50) NOT NULL,
    PATRONYMIC   VARCHAR(50) NOT NULL,
    PHONE_NUMBER VARCHAR(7)  NOT NULL
);

CREATE TABLE IF NOT EXISTS DOCTORS
(
    ID             BIGINT GENERATED BY DEFAULT AS IDENTITY (START WITH 1 INCREMENT BY 1) PRIMARY KEY,
    NAME           VARCHAR(50) NOT NULL,
    SURNAME        VARCHAR(50) NOT NULL,
    PATRONYMIC     VARCHAR(50) NOT NULL,
    SPECIALIZATION varchar(50) NOT NULL
);

CREATE TABLE IF NOT EXISTS PRIORITY
(
    ID   BIGINT IDENTITY PRIMARY KEY,
    NAME varchar(25) NOT NULL
);

CREATE TABLE IF NOT EXISTS RECIPES
(
    ID          BIGINT GENERATED BY DEFAULT AS IDENTITY (START WITH 1 INCREMENT BY 1) PRIMARY KEY,
    DESCRIPTION varchar(255) NOT NULL,
    PATIENT_ID  BIGINT       NOT NULL REFERENCES PATIENTS (id),
    DOCTOR_ID   BIGINT       NOT NULL REFERENCES DOCTORS (id),
    DATE        DATE         NOT NULL,
    PRIORITY    BIGINT       NOT NULL REFERENCES PRIORITY (id)
);

INSERT INTO PATIENTS(SURNAME, NAME, PATRONYMIC, PHONE_NUMBER)
VALUES ('Компанец', 'Мирон', 'Феоктистович', 4214532),
       ('Балдагуева', 'Эмма', 'Игоревна', 4214533),
       ('Куратник', 'Сергей', 'Фомевич', 4214534),
       ('Званцева', 'Розалия', 'Брониславовна', 4214535),
       ('Яфаров', 'Дмитрий', 'Мартьянович', 4214536),
       ('Танков', 'Георгий', 'Климентович', 4214537),
       ('Куракин', 'Андрон', 'Макарович', 4214538),
       ('Норин', 'Федор', 'Родионович', 4214539),
       ('Канаш', 'Прокофий', 'Сократович', 4214540),
       ('Янушко', 'Элеонора', 'Петровна', 4214541),
       ('Козырев', 'Максим', 'Кириллович', 4214542),
       ('Петрищева', 'Дарья', 'Евгениевна', 4214543),
       ('Полков', 'Андрон', 'Аникитевич', 4214544),
       ('Чичерина', 'Александра', 'Емельяновна', 4214545),
       ('Глухов', 'Марк', 'Сигизмундович', 4214546),
       ('Бузыцкова', 'Анисья', 'Трофимовна', 4214547),
       ('Урусов', 'Данила', 'Потапович', 4214548),
       ('Дудко', 'Вениамин', 'Несторович', 4214549),
       ('Тимашева', 'Валентина', 'Вячеславовна', 4214550),
       ('Панькива', 'Маргарита', 'Ильевна', 4214551);

INSERT INTO DOCTORS(SURNAME, NAME, PATRONYMIC, SPECIALIZATION)
VALUES ('Компанец', 'Мирон', 'Феоктистович', 'Диетолог'),
       ('Балдагуева', 'Эмма', 'Игоревна', 'Невролог'),
       ('Куратник', 'Сергей', 'Фомевич', 'Уфолог'),
       ('Званцева', 'Розалия', 'Брониславовна', 'Стоматолог'),
       ('Яфаров', 'Дмитрий', 'Мартьянович', 'Хирург'),
       ('Танков', 'Георгий', 'Климентович', 'Терапевт'),
       ('Куракин', 'Андрон', 'Макарович', 'Окулит'),
       ('Норин', 'Федор', 'Родионович', 'Хирург'),
       ('Канаш', 'Прокофий', 'Сократович', 'Терапевт'),
       ('Янушко', 'Элеонора', 'Петровна', 'Окулит'),
       ('Козырев', 'Максим', 'Кириллович', 'Аллерголог'),
       ('Петрищева', 'Дарья', 'Евгениевна', 'Аллерголог'),
       ('Полков', 'Андрон', 'Аникитевич', 'Психиатр'),
       ('Чичерина', 'Александра', 'Емельяновна', 'Психиатр'),
       ('Глухов', 'Марк', 'Сигизмундович', 'Нарколог'),
       ('Бузыцкова', 'Анисья', 'Трофимовна', 'Нарколог'),
       ('Урусов', 'Данила', 'Потапович', 'Травматолог'),
       ('Дудко', 'Вениамин', 'Несторович', 'Травматолог'),
       ('Тимашева', 'Валентина', 'Вячеславовна', 'Педиатр'),
       ('Панькива', 'Маргарита ', 'Ильевна', 'Педиатр');

INSERT INTO PRIORITY(NAME)
VALUES ('Normal'),
       ('Cito'),
       ('Statim');

INSERT INTO RECIPES(DESCRIPTION, PATIENT_ID, DOCTOR_ID, DATE, PRIORITY)
VALUES ('Пример описания....1', 1, 20, current_date, 0),
       ('Пример описания....2', 2, 19, current_date, 1),
       ('Пример описания....3', 3, 18, current_date, 2),
       ('Пример описания....4', 4, 17, current_date, 0),
       ('Пример описания....5', 5, 16, current_date, 1),
       ('Пример описания....6', 6, 15, current_date, 2),
       ('Пример описания....7', 7, 14, current_date, 0),
       ('Пример описания....8', 8, 13, current_date, 1),
       ('Пример описания....9', 9, 12, current_date, 2),
       ('Пример описания....10', 10, 11, current_date, 0),
       ('Пример описания....11', 11, 10, current_date, 1),
       ('Пример описания....12', 12, 9, current_date, 2),
       ('Пример описания....13', 13, 8, current_date, 0),
       ('Пример описания....14', 14, 7, current_date, 1),
       ('Пример описания....15', 15, 6, current_date, 2),
       ('Пример описания....16', 16, 5, current_date, 0),
       ('Пример описания....17', 17, 4, current_date, 1),
       ('Пример описания....18', 18, 3, current_date, 2),
       ('Пример описания....19', 19, 2, current_date, 0),
       ('Пример описания....20', 20, 1, current_date, 1);
